<?xml version="1.0" encoding="utf-8" ?><dwsync><file name="boost.js" server="ftp.adigitalengagement.co.uk/www/" local="3567504431" remote="3567504840" Dst="-1" /><file name="broken-axis.js" server="ftp.adigitalengagement.co.uk/www/" local="3567504432" remote="3567504840" Dst="-1" /><file name="broken-axis.src.js" server="ftp.adigitalengagement.co.uk/www/" local="3567504432" remote="3567504840" Dst="-1" /><file name="boost.src.js" server="ftp.adigitalengagement.co.uk/www/" local="3567504431" remote="3567504840" Dst="-1" /><file name="canvas-tools.js" server="ftp.adigitalengagement.co.uk/www/" local="3567504432" remote="3567504840" Dst="-1" /><file name="data.js" server="ftp.adigitalengagement.co.uk/www/" local="3567504432" remote="3567504840" Dst="-1" /><file name="data.src.js" server="ftp.adigitalengagement.co.uk/www/" local="3567504432" remote="3567504840" Dst="-1" /><file name="canvas-tools.src.js" server="ftp.adigitalengagement.co.uk/www/" local="3567504432" remote="3567504840" Dst="-1" /><file name="drilldown.src.js" server="ftp.adigitalengagement.co.uk/www/" local="3567504432" remote="3567504840" Dst="-1" /><file name="exporting.js" server="ftp.adigitalengagement.co.uk/www/" local="3567504432" remote="3567504840" Dst="-1" /><file name="drilldown.js" server="ftp.adigitalengagement.co.uk/www/" local="3567504432" remote="3567504840" Dst="-1" /><file name="exporting.src.js" server="ftp.adigitalengagement.co.uk/www/" local="3567504432" remote="3567504840" Dst="-1" /><file name="funnel.js" server="ftp.adigitalengagement.co.uk/www/" local="3567504432" remote="3567504840" Dst="-1" /><file name="funnel.src.js" server="ftp.adigitalengagement.co.uk/www/" local="3567504433" remote="3567504840" Dst="-1" /><file name="heatmap.js" server="ftp.adigitalengagement.co.uk/www/" local="3567504433" remote="3567504840" Dst="-1" /><file name="no-data-to-display.js" server="ftp.adigitalengagement.co.uk/www/" local="3567504433" remote="3567504840" Dst="-1" /><file name="heatmap.src.js" server="ftp.adigitalengagement.co.uk/www/" local="3567504433" remote="3567504840" Dst="-1" /><file name="no-data-to-display.src.js" server="ftp.adigitalengagement.co.uk/www/" local="3567504433" remote="3567504840" Dst="-1" /><file name="offline-exporting.js" server="ftp.adigitalengagement.co.uk/www/" local="3567504433" remote="3567504840" Dst="-1" /><file name="offline-exporting.src.js" server="ftp.adigitalengagement.co.uk/www/" local="3567504434" remote="3567504840" Dst="-1" /><file name="solid-gauge.js" server="ftp.adigitalengagement.co.uk/www/" local="3567504434" remote="3567504840" Dst="-1" /><file name="treemap.js" server="ftp.adigitalengagement.co.uk/www/" local="3567504434" remote="3567504840" Dst="-1" /><file name="solid-gauge.src.js" server="ftp.adigitalengagement.co.uk/www/" local="3567504434" remote="3567504840" Dst="-1" /><file name="treemap.src.js" server="ftp.adigitalengagement.co.uk/www/" local="3567504434" remote="3567504840" Dst="-1" /></dwsync>