<?xml version="1.0" encoding="utf-8" ?><dwsync><file name="dark-blue.js" server="ftp.adigitalengagement.co.uk" local="3537786032" remote="3538221600" Dst="-1" /><file name="dark-green.js" server="ftp.adigitalengagement.co.uk" local="3537786032" remote="3538221600" Dst="-1" /><file name="dark-unica.js" server="ftp.adigitalengagement.co.uk" local="3537786032" remote="3538221600" Dst="-1" /><file name="gray.js" server="ftp.adigitalengagement.co.uk" local="3537786024" remote="3538221600" Dst="-1" /><file name="grid-light.js" server="ftp.adigitalengagement.co.uk" local="3537786032" remote="3538221600" Dst="-1" /><file name="grid.js" server="ftp.adigitalengagement.co.uk" local="3537786024" remote="3538221600" Dst="-1" /><file name="skies.js" server="ftp.adigitalengagement.co.uk" local="3537786024" remote="3538221600" Dst="-1" /><file name="sand-signika.js" server="ftp.adigitalengagement.co.uk" local="3537786032" remote="3538221600" Dst="-1" /><file name="mypbtheme.js" server="ftp.adigitalengagement.co.uk" local="3538256186" remote="3538256160" Dst="-1" /></dwsync>