<?xml version="1.0" encoding="utf-8" ?><dwsync><file name="action-black.png" server="ftp.fuse-clients.co.uk" local="3497607226" remote="3535481340" Dst="-1" /><file name="action-white.png" server="ftp.fuse-clients.co.uk" local="3497607226" remote="3535481340" Dst="-1" /><file name="alert-black.png" server="ftp.fuse-clients.co.uk" local="3497607226" remote="3535481340" Dst="-1" /><file name="alert-white.png" server="ftp.fuse-clients.co.uk" local="3497607226" remote="3535481340" Dst="-1" /><file name="arrow-d-black.png" server="ftp.fuse-clients.co.uk" local="3497607226" remote="3535481340" Dst="-1" /><file name="arrow-d-l-black.png" server="ftp.fuse-clients.co.uk" local="3497607226" remote="3535481340" Dst="-1" /><file name="arrow-d-l-white.png" server="ftp.fuse-clients.co.uk" local="3497607226" remote="3535481340" Dst="-1" /><file name="arrow-d-r-black.png" server="ftp.fuse-clients.co.uk" local="3497607226" remote="3535481340" Dst="-1" /><file name="arrow-d-r-white.png" server="ftp.fuse-clients.co.uk" local="3497607226" remote="3535481340" Dst="-1" /><file name="arrow-d-white.png" server="ftp.fuse-clients.co.uk" local="3497607226" remote="3535481340" Dst="-1" /><file name="arrow-l-black.png" server="ftp.fuse-clients.co.uk" local="3497607226" remote="3535481340" Dst="-1" /><file name="arrow-l-white.png" server="ftp.fuse-clients.co.uk" local="3497607226" remote="3535481340" Dst="-1" /><file name="arrow-r-white.png" server="ftp.fuse-clients.co.uk" local="3497607226" remote="3535481340" Dst="-1" /><file name="arrow-u-black.png" server="ftp.fuse-clients.co.uk" local="3497607226" remote="3535481340" Dst="-1" /><file name="arrow-r-black.png" server="ftp.fuse-clients.co.uk" local="3497607226" remote="3535481340" Dst="-1" /><file name="arrow-u-l-black.png" server="ftp.fuse-clients.co.uk" local="3497607226" remote="3535481340" Dst="-1" /><file name="arrow-u-l-white.png" server="ftp.fuse-clients.co.uk" local="3497607226" remote="3535481340" Dst="-1" /><file name="arrow-u-r-black.png" server="ftp.fuse-clients.co.uk" local="3497607226" remote="3535481340" Dst="-1" /><file name="arrow-u-r-white.png" server="ftp.fuse-clients.co.uk" local="3497607226" remote="3535481340" Dst="-1" /><file name="arrow-u-white.png" server="ftp.fuse-clients.co.uk" local="3497607226" remote="3535481340" Dst="-1" /><file name="audio-black.png" server="ftp.fuse-clients.co.uk" local="3497607226" remote="3535481340" Dst="-1" /><file name="audio-white.png" server="ftp.fuse-clients.co.uk" local="3497607226" remote="3535481340" Dst="-1" /><file name="back-black.png" server="ftp.fuse-clients.co.uk" local="3497607226" remote="3535481340" Dst="-1" /><file name="back-white.png" server="ftp.fuse-clients.co.uk" local="3497607226" remote="3535481340" Dst="-1" /><file name="bars-black.png" server="ftp.fuse-clients.co.uk" local="3497607226" remote="3535481340" Dst="-1" /><file name="bars-white.png" server="ftp.fuse-clients.co.uk" local="3497607226" remote="3535481340" Dst="-1" /><file name="bullets-black.png" server="ftp.fuse-clients.co.uk" local="3497607226" remote="3535481340" Dst="-1" /><file name="bullets-white.png" server="ftp.fuse-clients.co.uk" local="3497607226" remote="3535481340" Dst="-1" /><file name="calendar-black.png" server="ftp.fuse-clients.co.uk" local="3497607226" remote="3535481340" Dst="-1" /><file name="calendar-white.png" server="ftp.fuse-clients.co.uk" local="3497607226" remote="3535481340" Dst="-1" /><file name="camera-black.png" server="ftp.fuse-clients.co.uk" local="3497607226" remote="3535481340" Dst="-1" /><file name="camera-white.png" server="ftp.fuse-clients.co.uk" local="3497607226" remote="3535481340" Dst="-1" /><file name="carat-d-black.png" server="ftp.fuse-clients.co.uk" local="3497607226" remote="3535481340" Dst="-1" /><file name="carat-d-white.png" server="ftp.fuse-clients.co.uk" local="3497607226" remote="3535481340" Dst="-1" /><file name="carat-l-black.png" server="ftp.fuse-clients.co.uk" local="3497607226" remote="3535481340" Dst="-1" /><file name="carat-l-white.png" server="ftp.fuse-clients.co.uk" local="3497607226" remote="3535481340" Dst="-1" /><file name="carat-r-black.png" server="ftp.fuse-clients.co.uk" local="3497607226" remote="3535481340" Dst="-1" /><file name="carat-r-white.png" server="ftp.fuse-clients.co.uk" local="3497607226" remote="3535481340" Dst="-1" /><file name="carat-u-black.png" server="ftp.fuse-clients.co.uk" local="3497607226" remote="3535481340" Dst="-1" /><file name="carat-u-white.png" server="ftp.fuse-clients.co.uk" local="3497607226" remote="3535481340" Dst="-1" /><file name="check-black.png" server="ftp.fuse-clients.co.uk" local="3497607226" remote="3535481340" Dst="-1" /><file name="check-white.png" server="ftp.fuse-clients.co.uk" local="3497607226" remote="3535481340" Dst="-1" /><file name="clock-black.png" server="ftp.fuse-clients.co.uk" local="3497607226" remote="3535481340" Dst="-1" /><file name="clock-white.png" server="ftp.fuse-clients.co.uk" local="3497607226" remote="3535481340" Dst="-1" /><file name="cloud-black.png" server="ftp.fuse-clients.co.uk" local="3497607226" remote="3535481340" Dst="-1" /><file name="cloud-white.png" server="ftp.fuse-clients.co.uk" local="3497607226" remote="3535481340" Dst="-1" /><file name="comment-black.png" server="ftp.fuse-clients.co.uk" local="3497607226" remote="3535481340" Dst="-1" /><file name="comment-white.png" server="ftp.fuse-clients.co.uk" local="3497607226" remote="3535481340" Dst="-1" /><file name="delete-black.png" server="ftp.fuse-clients.co.uk" local="3497607226" remote="3535481340" Dst="-1" /><file name="delete-white.png" server="ftp.fuse-clients.co.uk" local="3497607226" remote="3535481340" Dst="-1" /><file name="edit-black.png" server="ftp.fuse-clients.co.uk" local="3497607226" remote="3535481340" Dst="-1" /><file name="edit-white.png" server="ftp.fuse-clients.co.uk" local="3497607226" remote="3535481340" Dst="-1" /><file name="eye-black.png" server="ftp.fuse-clients.co.uk" local="3497607226" remote="3535481340" Dst="-1" /><file name="eye-white.png" server="ftp.fuse-clients.co.uk" local="3497607226" remote="3535481340" Dst="-1" /><file name="forbidden-black.png" server="ftp.fuse-clients.co.uk" local="3497607226" remote="3535481340" Dst="-1" /><file name="forbidden-white.png" server="ftp.fuse-clients.co.uk" local="3497607226" remote="3535481340" Dst="-1" /><file name="forward-black.png" server="ftp.fuse-clients.co.uk" local="3497607226" remote="3535481340" Dst="-1" /><file name="forward-white.png" server="ftp.fuse-clients.co.uk" local="3497607226" remote="3535481340" Dst="-1" /><file name="gear-black.png" server="ftp.fuse-clients.co.uk" local="3497607226" remote="3535481340" Dst="-1" /><file name="gear-white.png" server="ftp.fuse-clients.co.uk" local="3497607226" remote="3535481340" Dst="-1" /><file name="grid-black.png" server="ftp.fuse-clients.co.uk" local="3497607226" remote="3535481340" Dst="-1" /><file name="grid-white.png" server="ftp.fuse-clients.co.uk" local="3497607226" remote="3535481340" Dst="-1" /><file name="heart-black.png" server="ftp.fuse-clients.co.uk" local="3497607226" remote="3535481340" Dst="-1" /><file name="heart-white.png" server="ftp.fuse-clients.co.uk" local="3497607226" remote="3535481340" Dst="-1" /><file name="home-black.png" server="ftp.fuse-clients.co.uk" local="3497607226" remote="3535481340" Dst="-1" /><file name="home-white.png" server="ftp.fuse-clients.co.uk" local="3497607226" remote="3535481340" Dst="-1" /><file name="info-white.png" server="ftp.fuse-clients.co.uk" local="3497607226" remote="3535481340" Dst="-1" /><file name="location-black.png" server="ftp.fuse-clients.co.uk" local="3497607226" remote="3535481340" Dst="-1" /><file name="location-white.png" server="ftp.fuse-clients.co.uk" local="3497607226" remote="3535481340" Dst="-1" /><file name="lock-black.png" server="ftp.fuse-clients.co.uk" local="3497607226" remote="3535481340" Dst="-1" /><file name="lock-white.png" server="ftp.fuse-clients.co.uk" local="3497607226" remote="3535481340" Dst="-1" /><file name="mail-black.png" server="ftp.fuse-clients.co.uk" local="3497607226" remote="3535481340" Dst="-1" /><file name="mail-white.png" server="ftp.fuse-clients.co.uk" local="3497607226" remote="3535481340" Dst="-1" /><file name="minus-black.png" server="ftp.fuse-clients.co.uk" local="3497607226" remote="3535481340" Dst="-1" /><file name="minus-white.png" server="ftp.fuse-clients.co.uk" local="3497607226" remote="3535481340" Dst="-1" /><file name="navigation-black.png" server="ftp.fuse-clients.co.uk" local="3497607226" remote="3535481340" Dst="-1" /><file name="navigation-white.png" server="ftp.fuse-clients.co.uk" local="3497607226" remote="3535481340" Dst="-1" /><file name="phone-black.png" server="ftp.fuse-clients.co.uk" local="3497607226" remote="3535481340" Dst="-1" /><file name="phone-white.png" server="ftp.fuse-clients.co.uk" local="3497607226" remote="3535481340" Dst="-1" /><file name="plus-black.png" server="ftp.fuse-clients.co.uk" local="3497607226" remote="3535481340" Dst="-1" /><file name="plus-white.png" server="ftp.fuse-clients.co.uk" local="3497607226" remote="3535481340" Dst="-1" /><file name="power-black.png" server="ftp.fuse-clients.co.uk" local="3497607226" remote="3535481340" Dst="-1" /><file name="power-white.png" server="ftp.fuse-clients.co.uk" local="3497607226" remote="3535481340" Dst="-1" /><file name="recycle-black.png" server="ftp.fuse-clients.co.uk" local="3497607226" remote="3535481340" Dst="-1" /><file name="recycle-white.png" server="ftp.fuse-clients.co.uk" local="3497607226" remote="3535481340" Dst="-1" /><file name="refresh-black.png" server="ftp.fuse-clients.co.uk" local="3497607226" remote="3535481340" Dst="-1" /><file name="refresh-white.png" server="ftp.fuse-clients.co.uk" local="3497607226" remote="3535481340" Dst="-1" /><file name="search-black.png" server="ftp.fuse-clients.co.uk" local="3497607226" remote="3535481340" Dst="-1" /><file name="search-white.png" server="ftp.fuse-clients.co.uk" local="3497607226" remote="3535481340" Dst="-1" /><file name="shop-black.png" server="ftp.fuse-clients.co.uk" local="3497607226" remote="3535481340" Dst="-1" /><file name="shop-white.png" server="ftp.fuse-clients.co.uk" local="3497607226" remote="3535481340" Dst="-1" /><file name="star-black.png" server="ftp.fuse-clients.co.uk" local="3497607226" remote="3535481340" Dst="-1" /><file name="star-white.png" server="ftp.fuse-clients.co.uk" local="3497607226" remote="3535481340" Dst="-1" /><file name="tag-black.png" server="ftp.fuse-clients.co.uk" local="3497607226" remote="3535481340" Dst="-1" /><file name="tag-white.png" server="ftp.fuse-clients.co.uk" local="3497607226" remote="3535481340" Dst="-1" /><file name="user-black.png" server="ftp.fuse-clients.co.uk" local="3497607226" remote="3535481340" Dst="-1" /><file name="user-white.png" server="ftp.fuse-clients.co.uk" local="3497607226" remote="3535481340" Dst="-1" /><file name="video-black.png" server="ftp.fuse-clients.co.uk" local="3497607226" remote="3535481340" Dst="-1" /><file name="video-white.png" server="ftp.fuse-clients.co.uk" local="3497607226" remote="3535481340" Dst="-1" /><file name="info-black.png" server="ftp.fuse-clients.co.uk" local="3497607226" remote="3535481340" Dst="-1" /><file name="action-black.png" server="ftp.adigitalengagement.co.uk" local="3497607226" remote="3538213380" Dst="-1" /><file name="alert-black.png" server="ftp.adigitalengagement.co.uk" local="3497607226" remote="3538213380" Dst="-1" /><file name="alert-white.png" server="ftp.adigitalengagement.co.uk" local="3497607226" remote="3538213380" Dst="-1" /><file name="action-white.png" server="ftp.adigitalengagement.co.uk" local="3497607226" remote="3538213380" Dst="-1" /><file name="arrow-d-l-black.png" server="ftp.adigitalengagement.co.uk" local="3497607226" remote="3538213380" Dst="-1" /><file name="arrow-d-l-white.png" server="ftp.adigitalengagement.co.uk" local="3497607226" remote="3538213380" Dst="-1" /><file name="arrow-d-black.png" server="ftp.adigitalengagement.co.uk" local="3497607226" remote="3538213380" Dst="-1" /><file name="arrow-d-r-white.png" server="ftp.adigitalengagement.co.uk" local="3497607226" remote="3538213380" Dst="-1" /><file name="arrow-d-white.png" server="ftp.adigitalengagement.co.uk" local="3497607226" remote="3538213380" Dst="-1" /><file name="arrow-d-r-black.png" server="ftp.adigitalengagement.co.uk" local="3497607226" remote="3538213380" Dst="-1" /><file name="arrow-l-white.png" server="ftp.adigitalengagement.co.uk" local="3497607226" remote="3538213380" Dst="-1" /><file name="arrow-r-black.png" server="ftp.adigitalengagement.co.uk" local="3497607226" remote="3538213380" Dst="-1" /><file name="arrow-l-black.png" server="ftp.adigitalengagement.co.uk" local="3497607226" remote="3538213380" Dst="-1" /><file name="arrow-u-black.png" server="ftp.adigitalengagement.co.uk" local="3497607226" remote="3538213380" Dst="-1" /><file name="arrow-u-l-black.png" server="ftp.adigitalengagement.co.uk" local="3497607226" remote="3538213380" Dst="-1" /><file name="arrow-r-white.png" server="ftp.adigitalengagement.co.uk" local="3497607226" remote="3538213380" Dst="-1" /><file name="arrow-u-r-white.png" server="ftp.adigitalengagement.co.uk" local="3497607226" remote="3538213380" Dst="-1" /><file name="arrow-u-l-white.png" server="ftp.adigitalengagement.co.uk" local="3497607226" remote="3538213380" Dst="-1" /><file name="arrow-u-r-black.png" server="ftp.adigitalengagement.co.uk" local="3497607226" remote="3538213380" Dst="-1" /><file name="audio-black.png" server="ftp.adigitalengagement.co.uk" local="3497607226" remote="3538213380" Dst="-1" /><file name="audio-white.png" server="ftp.adigitalengagement.co.uk" local="3497607226" remote="3538213380" Dst="-1" /><file name="arrow-u-white.png" server="ftp.adigitalengagement.co.uk" local="3497607226" remote="3538213380" Dst="-1" /><file name="back-black.png" server="ftp.adigitalengagement.co.uk" local="3497607226" remote="3538213380" Dst="-1" /><file name="back-white.png" server="ftp.adigitalengagement.co.uk" local="3497607226" remote="3538213380" Dst="-1" /><file name="bars-white.png" server="ftp.adigitalengagement.co.uk" local="3497607226" remote="3538213380" Dst="-1" /><file name="bullets-black.png" server="ftp.adigitalengagement.co.uk" local="3497607226" remote="3538213380" Dst="-1" /><file name="bullets-white.png" server="ftp.adigitalengagement.co.uk" local="3497607226" remote="3538213380" Dst="-1" /><file name="calendar-black.png" server="ftp.adigitalengagement.co.uk" local="3497607226" remote="3538213380" Dst="-1" /><file name="calendar-white.png" server="ftp.adigitalengagement.co.uk" local="3497607226" remote="3538213380" Dst="-1" /><file name="camera-black.png" server="ftp.adigitalengagement.co.uk" local="3497607226" remote="3538213380" Dst="-1" /><file name="camera-white.png" server="ftp.adigitalengagement.co.uk" local="3497607226" remote="3538213380" Dst="-1" /><file name="carat-d-black.png" server="ftp.adigitalengagement.co.uk" local="3497607226" remote="3538213380" Dst="-1" /><file name="carat-d-white.png" server="ftp.adigitalengagement.co.uk" local="3497607226" remote="3538213380" Dst="-1" /><file name="carat-l-black.png" server="ftp.adigitalengagement.co.uk" local="3497607226" remote="3538213380" Dst="-1" /><file name="carat-l-white.png" server="ftp.adigitalengagement.co.uk" local="3497607226" remote="3538213380" Dst="-1" /><file name="carat-r-black.png" server="ftp.adigitalengagement.co.uk" local="3497607226" remote="3538213380" Dst="-1" /><file name="carat-r-white.png" server="ftp.adigitalengagement.co.uk" local="3497607226" remote="3538213380" Dst="-1" /><file name="carat-u-black.png" server="ftp.adigitalengagement.co.uk" local="3497607226" remote="3538213380" Dst="-1" /><file name="carat-u-white.png" server="ftp.adigitalengagement.co.uk" local="3497607226" remote="3538213380" Dst="-1" /><file name="check-black.png" server="ftp.adigitalengagement.co.uk" local="3497607226" remote="3538213380" Dst="-1" /><file name="check-white.png" server="ftp.adigitalengagement.co.uk" local="3497607226" remote="3538213380" Dst="-1" /><file name="clock-black.png" server="ftp.adigitalengagement.co.uk" local="3497607226" remote="3538213380" Dst="-1" /><file name="clock-white.png" server="ftp.adigitalengagement.co.uk" local="3497607226" remote="3538213380" Dst="-1" /><file name="cloud-black.png" server="ftp.adigitalengagement.co.uk" local="3497607226" remote="3538213380" Dst="-1" /><file name="cloud-white.png" server="ftp.adigitalengagement.co.uk" local="3497607226" remote="3538213380" Dst="-1" /><file name="comment-black.png" server="ftp.adigitalengagement.co.uk" local="3497607226" remote="3538213380" Dst="-1" /><file name="delete-white.png" server="ftp.adigitalengagement.co.uk" local="3497607226" remote="3538213380" Dst="-1" /><file name="comment-white.png" server="ftp.adigitalengagement.co.uk" local="3497607226" remote="3538213380" Dst="-1" /><file name="delete-black.png" server="ftp.adigitalengagement.co.uk" local="3497607226" remote="3538213380" Dst="-1" /><file name="edit-black.png" server="ftp.adigitalengagement.co.uk" local="3497607226" remote="3538213380" Dst="-1" /><file name="edit-white.png" server="ftp.adigitalengagement.co.uk" local="3497607226" remote="3538213380" Dst="-1" /><file name="eye-black.png" server="ftp.adigitalengagement.co.uk" local="3497607226" remote="3538213380" Dst="-1" /><file name="eye-white.png" server="ftp.adigitalengagement.co.uk" local="3497607226" remote="3538213380" Dst="-1" /><file name="forbidden-black.png" server="ftp.adigitalengagement.co.uk" local="3497607226" remote="3538213380" Dst="-1" /><file name="forbidden-white.png" server="ftp.adigitalengagement.co.uk" local="3497607226" remote="3538213380" Dst="-1" /><file name="forward-black.png" server="ftp.adigitalengagement.co.uk" local="3497607226" remote="3538213380" Dst="-1" /><file name="bars-black.png" server="ftp.adigitalengagement.co.uk" local="3497607226" remote="3538213380" Dst="-1" /><file name="forward-white.png" server="ftp.adigitalengagement.co.uk" local="3497607226" remote="3538213380" Dst="-1" /><file name="gear-black.png" server="ftp.adigitalengagement.co.uk" local="3497607226" remote="3538213380" Dst="-1" /><file name="gear-white.png" server="ftp.adigitalengagement.co.uk" local="3497607226" remote="3538213380" Dst="-1" /><file name="grid-black.png" server="ftp.adigitalengagement.co.uk" local="3497607226" remote="3538213380" Dst="-1" /><file name="grid-white.png" server="ftp.adigitalengagement.co.uk" local="3497607226" remote="3538213380" Dst="-1" /><file name="heart-black.png" server="ftp.adigitalengagement.co.uk" local="3497607226" remote="3538213380" Dst="-1" /><file name="heart-white.png" server="ftp.adigitalengagement.co.uk" local="3497607226" remote="3538213380" Dst="-1" /><file name="home-black.png" server="ftp.adigitalengagement.co.uk" local="3497607226" remote="3538213380" Dst="-1" /><file name="home-white.png" server="ftp.adigitalengagement.co.uk" local="3497607226" remote="3538213380" Dst="-1" /><file name="info-black.png" server="ftp.adigitalengagement.co.uk" local="3497607226" remote="3538213380" Dst="-1" /><file name="location-white.png" server="ftp.adigitalengagement.co.uk" local="3497607226" remote="3538213380" Dst="-1" /><file name="info-white.png" server="ftp.adigitalengagement.co.uk" local="3497607226" remote="3538213380" Dst="-1" /><file name="location-black.png" server="ftp.adigitalengagement.co.uk" local="3497607226" remote="3538213380" Dst="-1" /><file name="lock-black.png" server="ftp.adigitalengagement.co.uk" local="3497607226" remote="3538213380" Dst="-1" /><file name="lock-white.png" server="ftp.adigitalengagement.co.uk" local="3497607226" remote="3538213380" Dst="-1" /><file name="mail-black.png" server="ftp.adigitalengagement.co.uk" local="3497607226" remote="3538213380" Dst="-1" /><file name="minus-black.png" server="ftp.adigitalengagement.co.uk" local="3497607226" remote="3538213380" Dst="-1" /><file name="minus-white.png" server="ftp.adigitalengagement.co.uk" local="3497607226" remote="3538213380" Dst="-1" /><file name="mail-white.png" server="ftp.adigitalengagement.co.uk" local="3497607226" remote="3538213380" Dst="-1" /><file name="navigation-black.png" server="ftp.adigitalengagement.co.uk" local="3497607226" remote="3538213380" Dst="-1" /><file name="navigation-white.png" server="ftp.adigitalengagement.co.uk" local="3497607226" remote="3538213380" Dst="-1" /><file name="phone-black.png" server="ftp.adigitalengagement.co.uk" local="3497607226" remote="3538213380" Dst="-1" /><file name="plus-white.png" server="ftp.adigitalengagement.co.uk" local="3497607226" remote="3538213380" Dst="-1" /><file name="phone-white.png" server="ftp.adigitalengagement.co.uk" local="3497607226" remote="3538213380" Dst="-1" /><file name="plus-black.png" server="ftp.adigitalengagement.co.uk" local="3497607226" remote="3538213380" Dst="-1" /><file name="power-black.png" server="ftp.adigitalengagement.co.uk" local="3497607226" remote="3538213380" Dst="-1" /><file name="power-white.png" server="ftp.adigitalengagement.co.uk" local="3497607226" remote="3538213380" Dst="-1" /><file name="recycle-black.png" server="ftp.adigitalengagement.co.uk" local="3497607226" remote="3538213380" Dst="-1" /><file name="recycle-white.png" server="ftp.adigitalengagement.co.uk" local="3497607226" remote="3538213380" Dst="-1" /><file name="refresh-black.png" server="ftp.adigitalengagement.co.uk" local="3497607226" remote="3538213380" Dst="-1" /><file name="refresh-white.png" server="ftp.adigitalengagement.co.uk" local="3497607226" remote="3538213380" Dst="-1" /><file name="search-black.png" server="ftp.adigitalengagement.co.uk" local="3497607226" remote="3538213380" Dst="-1" /><file name="search-white.png" server="ftp.adigitalengagement.co.uk" local="3497607226" remote="3538213380" Dst="-1" /><file name="shop-black.png" server="ftp.adigitalengagement.co.uk" local="3497607226" remote="3538213380" Dst="-1" /><file name="shop-white.png" server="ftp.adigitalengagement.co.uk" local="3497607226" remote="3538213380" Dst="-1" /><file name="star-black.png" server="ftp.adigitalengagement.co.uk" local="3497607226" remote="3538213380" Dst="-1" /><file name="star-white.png" server="ftp.adigitalengagement.co.uk" local="3497607226" remote="3538213380" Dst="-1" /><file name="tag-black.png" server="ftp.adigitalengagement.co.uk" local="3497607226" remote="3538213380" Dst="-1" /><file name="tag-white.png" server="ftp.adigitalengagement.co.uk" local="3497607226" remote="3538213380" Dst="-1" /><file name="user-black.png" server="ftp.adigitalengagement.co.uk" local="3497607226" remote="3538213380" Dst="-1" /><file name="user-white.png" server="ftp.adigitalengagement.co.uk" local="3497607226" remote="3538213380" Dst="-1" /><file name="video-white.png" server="ftp.adigitalengagement.co.uk" local="3497607226" remote="3538213380" Dst="-1" /><file name="video-black.png" server="ftp.adigitalengagement.co.uk" local="3497607226" remote="3538213380" Dst="-1" /></dwsync>