<?xml version="1.0" encoding="utf-8" ?><dwsync><file name="ajax-loader.gif" server="ftp.fuse-clients.co.uk" local="3460836586" remote="3535487580" Dst="-1" /><file name="bx_loader.gif" server="ftp.fuse-clients.co.uk" local="3460836586" remote="3535487580" Dst="-1" /><file name="controls.png" server="ftp.fuse-clients.co.uk" local="3460836586" remote="3535487580" Dst="-1" /><file name=".DS_Store" server="ftp.fuse-clients.co.uk" local="3535487596" remote="3536780700" Dst="-1" /><file name="ajax-loader.gif" server="ftp.adigitalengagement.co.uk" local="3460836586" remote="3538213380" Dst="-1" /><file name=".DS_Store" server="ftp.adigitalengagement.co.uk" local="3535487596" remote="3538213380" Dst="-1" /><file name="controls.png" server="ftp.adigitalengagement.co.uk" local="3460836586" remote="3538213380" Dst="-1" /><file name="bx_loader.gif" server="ftp.adigitalengagement.co.uk" local="3460836586" remote="3538213380" Dst="-1" /></dwsync>