<?xml version="1.0" encoding="utf-8" ?><dwsync><file name="fontello.eot" server="ftp.fuse-clients.co.uk" local="3473235702" remote="3535481340" Dst="-1" /><file name="fontello.svg" server="ftp.fuse-clients.co.uk" local="3473235700" remote="3535481340" Dst="-1" /><file name="fontello.ttf" server="ftp.fuse-clients.co.uk" local="3473235702" remote="3535481340" Dst="-1" /><file name="fontello.woff" server="ftp.fuse-clients.co.uk" local="3473235702" remote="3535481340" Dst="-1" /><file name="glyphicons-halflings-regular.eot" server="ftp.fuse-clients.co.uk" local="3517939653" remote="3672406704739002876" Dst="-1" /><file name="glyphicons-halflings-regular.svg" server="ftp.fuse-clients.co.uk" local="3517939653" remote="3535481340" Dst="-1" /><file name="glyphicons-halflings-regular.ttf" server="ftp.fuse-clients.co.uk" local="3517939653" remote="3672406704739002876" Dst="-1" /><file name="glyphicons-halflings-regular.woff2" server="ftp.fuse-clients.co.uk" local="3517939653" remote="3672406704739002876" Dst="-1" /><file name="glyphicons-halflings-regular.woff" server="ftp.fuse-clients.co.uk" local="3517939653" remote="3672406704739002876" Dst="-1" /><file name="lunabar_norestrict-suitcase-webfont.eot" server="ftp.fuse-clients.co.uk" local="3554718648" remote="3446830418151899784" Dst="-1" /><file name="lunabar_norestrict-suitcase-demo.html" server="ftp.fuse-clients.co.uk" local="3535290036" remote="3535481340" Dst="-1" /><file name="lunabar_norestrict-suitcase-webfont.svg" server="ftp.fuse-clients.co.uk" local="3535290036" remote="3535481340" Dst="-1" /><file name="lunabar_norestrict-suitcase-webfont.ttf" server="ftp.fuse-clients.co.uk" local="3554718638" remote="3446830418151899784" Dst="-1" /><file name="lunabar_norestrict-suitcase-webfont.woff" server="ftp.fuse-clients.co.uk" local="3554718638" remote="3446830418151899784" Dst="-1" /><file name="lunabar_norestrict-suitcase-webfont.woff2" server="ftp.fuse-clients.co.uk" local="3554718637" remote="3446830418151899784" Dst="-1" /><file name="LUNABAR_norestrict-Suitcase.ttf" server="ftp.fuse-clients.co.uk" local="3302677512" remote="3535481340" Dst="-1" /><file name="rt-icons.eot" server="ftp.fuse-clients.co.uk" local="3473241658" remote="3535481340" Dst="-1" /><file name="rt-icons.ttf" server="ftp.fuse-clients.co.uk" local="3473241658" remote="3535481340" Dst="-1" /><file name="rt-icons.woff" server="ftp.fuse-clients.co.uk" local="3473241658" remote="3535481340" Dst="-1" /><file name="rt-icons.svg" server="ftp.fuse-clients.co.uk" local="3473241658" remote="3535481340" Dst="-1" /><file name="socialico-webfont.eot" server="ftp.fuse-clients.co.uk" local="3473235702" remote="3535481340" Dst="-1" /><file name="socialico-webfont.svg" server="ftp.fuse-clients.co.uk" local="3473235688" remote="3535481340" Dst="-1" /><file name="socialico-webfont.ttf" server="ftp.fuse-clients.co.uk" local="3473235700" remote="3535481340" Dst="-1" /><file name="socialico-webfont.woff" server="ftp.fuse-clients.co.uk" local="3473235702" remote="3535481340" Dst="-1" /><file name="monsterrat.woff2" server="ftp.fuse-clients.co.uk" local="3536773794" remote="3536777400" Dst="-1" /><file name="montserrat-bold-webfont.eot" server="ftp.fuse-clients.co.uk" local="3554718638" remote="3393174800472244872" Dst="-1" /><file name="montserrat-bold-webfont.svg" server="ftp.fuse-clients.co.uk" local="3536757106" remote="3536777400" Dst="-1" /><file name="montserrat-bold-webfont.woff" server="ftp.fuse-clients.co.uk" local="3554718638" remote="3393174800472244872" Dst="-1" /><file name="montserrat-bold-webfont.ttf" server="ftp.fuse-clients.co.uk" local="3554718641" remote="3393174800472244872" Dst="-1" /><file name="montserrat-bold-webfont.woff2" server="ftp.fuse-clients.co.uk" local="3554718638" remote="3393174800472244872" Dst="-1" /><file name="montserrat-webfont.eot" server="ftp.fuse-clients.co.uk" local="3554718638" remote="3393174800472244812" Dst="-1" /><file name="montserrat-webfont.ttf" server="ftp.fuse-clients.co.uk" local="3554718638" remote="3393174800472244872" Dst="-1" /><file name="montserrat-webfont.svg" server="ftp.fuse-clients.co.uk" local="3536756450" remote="3536777400" Dst="-1" /><file name="montserrat-webfont.woff" server="ftp.fuse-clients.co.uk" local="3554718638" remote="3393174800472244872" Dst="-1" /><file name="montserrat-webfont.woff2" server="ftp.fuse-clients.co.uk" local="3554718638" remote="3393174800472244872" Dst="-1" /><file name="montserrat.ttf" server="ftp.fuse-clients.co.uk" local="3536774047" remote="3536777400" Dst="-1" /><file name="montserrat.woff" server="ftp.fuse-clients.co.uk" local="3536773986" remote="3536777400" Dst="-1" /><file name="social-icons.eot" server="ftp.fuse-clients.co.uk" local="3539263418" remote="3539239500" Dst="-1" /><file name="Montserrat.zip" server="ftp.fuse-clients.co.uk" local="3536774992" remote="3536777400" Dst="-1" /><file name="social-icons.svg" server="ftp.fuse-clients.co.uk" local="3536693662" remote="3536777400" Dst="-1" /><file name="social-icons.ttf" server="ftp.fuse-clients.co.uk" local="3536693662" remote="3536777400" Dst="-1" /><file name="social-icons.woff" server="ftp.fuse-clients.co.uk" local="3539263417" remote="3539239500" Dst="-1" /><file name="webfontkit-20160127-163147.zip" server="ftp.fuse-clients.co.uk" local="3536775108" remote="3536777400" Dst="-1" /></dwsync>