<?xml version="1.0" encoding="utf-8" ?><dwsync><file name="create.html" server="ftp.fuse-clients.co.uk" local="3538656488" remote="7833623776" Dst="-1" /><file name="Icon.png" server="ftp.fuse-clients.co.uk" local="3535473451" remote="3535481340" Dst="-1" /><file name="Default@2x.png" server="ftp.fuse-clients.co.uk" local="3535479823" remote="3535481340" Dst="-1" /><file name="index.html" server="ftp.fuse-clients.co.uk" local="3538654138" remote="7833621436" Dst="-1" /><file name="favicon.ico" server="ftp.fuse-clients.co.uk" local="3535481496" remote="3535481520" Dst="-1" /><file name="test.html" server="ftp.fuse-clients.co.uk" local="3535975876" remote="3535975860" Dst="-1" /><file name="bio.html" server="ftp.fuse-clients.co.uk" local="3538655140" remote="7833622396" Dst="-1" /><file name="studio.html" server="ftp.fuse-clients.co.uk" local="3538479843" remote="7833447136" Dst="-1" /><file name="technique.html" server="ftp.fuse-clients.co.uk" local="3538481051" remote="7833448336" Dst="-1" /><file name="easel.html" server="ftp.fuse-clients.co.uk" local="3536820836" remote="7831788076" Dst="-1" /><file name="exhibitions.html" server="ftp.fuse-clients.co.uk" local="3536820610" remote="7831787896" Dst="-1" /><file name="contact.html" server="ftp.fuse-clients.co.uk" local="3538655420" remote="7833624736" Dst="-1" /><file name="draw.html" server="ftp.fuse-clients.co.uk" local="3538656934" remote="7833624196" Dst="-1" /><file name="video.html" server="ftp.fuse-clients.co.uk" local="3538655632" remote="7833622876" Dst="-1" /></dwsync>