<?xml version="1.0" encoding="utf-8" ?><dwsync><file name="ajax-loader.png" server="ftp.studio-viewhosting.co.uk" local="3490269226" remote="12078850292" Dst="-1" /><file name="icons-18-black.png" server="ftp.studio-viewhosting.co.uk" local="3490269226" remote="12078850292" Dst="-1" /><file name="icons-18-white.png" server="ftp.studio-viewhosting.co.uk" local="3490269226" remote="12078850292" Dst="-1" /><file name="icons-36-black.png" server="ftp.studio-viewhosting.co.uk" local="3490269226" remote="12078850292" Dst="-1" /><file name="icons-36-white.png" server="ftp.studio-viewhosting.co.uk" local="3490269226" remote="12078850292" Dst="-1" /><file name="ajax-loader.png" server="ftp.fuse-clients.co.uk" local="3490269226" remote="3535481340" Dst="-1" /><file name="AjaxLoader.gif" server="ftp.fuse-clients.co.uk" local="3554719135" remote="12125336192" Dst="-1" /><file name="icons-18-white.png" server="ftp.fuse-clients.co.uk" local="3490269226" remote="3535481340" Dst="-1" /><file name="icons-18-black.png" server="ftp.fuse-clients.co.uk" local="3490269226" remote="3535481340" Dst="-1" /><file name="icons-36-white.png" server="ftp.fuse-clients.co.uk" local="3490269226" remote="3535481340" Dst="-1" /><file name="icons-36-black.png" server="ftp.fuse-clients.co.uk" local="3490269226" remote="3535481340" Dst="-1" /></dwsync>