<?xml version="1.0" encoding="utf-8" ?><dwsync><file name="main.js" server="ftp.adigitalengagement.co.uk" local="3538432427" remote="3538432380" Dst="-1" /><file name="plugins.js" server="ftp.adigitalengagement.co.uk" local="3520885356" remote="3527090160" Dst="-1" /><file name="jquery.mobile-1.4.5.min.js" server="ftp.adigitalengagement.co.uk" local="3497603626" remote="3527090160" Dst="-1" /><file name="jquery.mobile-1.4.5.js" server="ftp.adigitalengagement.co.uk" local="3497603626" remote="3527090160" Dst="-1" /><file name="jquery.bxslider.min.js" server="ftp.adigitalengagement.co.uk" local="3479501678" remote="3538213320" Dst="-1" /><file name="jquery.bxslider.js" server="ftp.adigitalengagement.co.uk" local="3479501678" remote="3538213380" Dst="-1" /><file name="highcharts.js" server="ftp.adigitalengagement.co.uk" local="3537785704" remote="3538220760" Dst="-1" /><file name="jquery.animateNumber.min.js" server="ftp.adigitalengagement.co.uk" local="3528927056" remote="3538230000" Dst="-1" /><file name="scan.js" server="ftp.adigitalengagement.co.uk/www/" local="3568813770" remote="3568813740" Dst="-1" /><file name="main.js" server="ftp.adigitalengagement.co.uk/www/" local="3563909988" remote="3557565960" Dst="-1" /><file name="jquery.min.js" server="ftp.adigitalengagement.co.uk/www/" local="3568636609" remote="3568636620" Dst="-1" /><file name="fastclick.js" server="ftp.adigitalengagement.co.uk/www/" local="3571828487" remote="3571828440" Dst="-1" /><file name="jqm_defaults.js" server="ftp.adigitalengagement.co.uk/www/" local="3600023313" remote="3600023280" Dst="-1" /></dwsync>